{"cameraMode":{"drawMode":0,"name":"Shaded","section":"Shading Mode"},"sceneLighting":false,"audioPlay":false,"sceneViewState":{"showFog":true,"showMaterialUpdate":false,"showSkybox":true,"showFlares":true,"showImageEffects":true,"showParticleSystems":true},"in2DMode":false,"pivot":{"x":119.1500015258789,"y":0.7685074210166931,"z":3.0799999237060549},"rotation":{"x":0.17034563422203065,"y":-0.6120419502258301,"z":0.1371861696243286,"w":0.7599783539772034},"size":39.85969924926758,"orthographic":false}