{"cameraMode":{"drawMode":0,"name":"Shaded","section":"Shading Mode"},"sceneLighting":true,"audioPlay":false,"sceneViewState":{"showFog":true,"showMaterialUpdate":false,"showSkybox":true,"showFlares":true,"showImageEffects":true,"showParticleSystems":true},"in2DMode":false,"pivot":{"x":128.55999755859376,"y":2.4900903701782228,"z":-0.10000085830688477},"rotation":{"x":0.10628386586904526,"y":-0.016700707376003267,"z":0.0017856033518910409,"w":0.994193971157074},"size":40.010372161865237,"orthographic":false}