{"cameraMode":{"drawMode":0,"name":"Shaded","section":"Shading Mode"},"sceneLighting":true,"audioPlay":false,"sceneViewState":{"showFog":true,"showMaterialUpdate":false,"showSkybox":true,"showFlares":true,"showImageEffects":true,"showParticleSystems":true},"in2DMode":false,"pivot":{"x":687.7249755859375,"y":217.7938690185547,"z":61.4324951171875},"rotation":{"x":-0.07350434362888336,"y":-0.0800974890589714,"z":0.005922689568251371,"w":-0.9940555691719055},"size":938.8038940429688,"orthographic":false}