{"cameraMode":{"drawMode":0,"name":"Shaded","section":"Shading Mode"},"sceneLighting":false,"audioPlay":false,"sceneViewState":{"showFog":true,"showMaterialUpdate":false,"showSkybox":true,"showFlares":true,"showImageEffects":true,"showParticleSystems":true},"in2DMode":false,"pivot":{"x":120.3585433959961,"y":0.9436735510826111,"z":-0.03930032253265381},"rotation":{"x":0.10050196945667267,"y":-0.32389527559280398,"z":0.03462529554963112,"w":0.9401022791862488},"size":7.876577854156494,"orthographic":false}