{"cameraMode":{"drawMode":0,"name":"Shaded","section":"Shading Mode"},"sceneLighting":false,"audioPlay":false,"sceneViewState":{"showFog":true,"showMaterialUpdate":false,"showSkybox":true,"showFlares":true,"showImageEffects":true,"showParticleSystems":true},"in2DMode":false,"pivot":{"x":26.550405502319337,"y":0.9362865686416626,"z":0.35294008255004885},"rotation":{"x":0.31518396735191347,"y":-0.09968400001525879,"z":0.03331014886498451,"w":0.9431927800178528},"size":18.131059646606447,"orthographic":false}